Ballots with first choice:,Number of Ballots,Donald Trump ranked in top 3,Howie Hawkins ranked in top 3,Jo Jorgensen ranked in top 3,Joe Biden ranked in top 3,Rocky De La Fuente ranked in top 3
Donald Trump,403.3749673620004,403.3749673620004,49.997698857,67.697644069,38.86143127900001,48.010178144000015
Howie Hawkins,16.600901957,1.6081372269999998,16.600901957,3.6835875,9.274771874999999,5.737205396
Jo Jorgensen,20.358489400999996,12.653919728999998,2.55084336,20.358489400999996,5.7805180400000005,5.780181870000001
Joe Biden,537.3720897329998,25.431864755999996,165.99428406900003,113.902187839,537.3720897329998,96.89954325699999
Rocky De La Fuente,7.274198457000001,4.754664804,2.364009748,2.5195336530000003,2.983712918,7.274198457000001
