Ballots with first choice:,Number of Ballots,Donald Trump ranked in top 3,Howie Hawkins ranked in top 3,Jo Jorgensen ranked in top 3,Joe Biden ranked in top 3,Rocky De La Fuente ranked in top 3
Donald Trump,172.50607239299978,172.50607239299978,30.510497247,32.234008961000015,20.123942143,27.875706901999994
Howie Hawkins,8.854791236999999,1.6081372269999998,8.854791236999999,2.1231515319999996,4.4711887919999995,5.151878848
Jo Jorgensen,9.648884272,5.156407375000001,0.980818429,9.648884272,4.518241570999999,1.537008765
Joe Biden,292.97855734099966,15.314445870000002,88.85137793199999,64.15462223600001,292.97855734099966,47.104439838999994
Rocky De La Fuente,3.9096168909999998,2.9520409819999998,0.9575759090000001,0.9575759090000001,1.0255651909999999,3.9096168909999998
