Ballots with first choice:,Number of Ballots,Donald Trump ranked in top 3,Howie Hawkins ranked in top 3,Jo Jorgensen ranked in top 3,Joe Biden ranked in top 3,Rocky De La Fuente ranked in top 3
Donald Trump,230.86889496899983,230.86889496899983,19.48720161,35.463635108,18.737489136,20.134471242
Howie Hawkins,7.746110719999999,0.0,7.746110719999999,1.560435968,4.8035830829999995,0.585326548
Jo Jorgensen,10.709605129,7.497512354,1.5700249309999998,10.709605129,1.2622764690000001,4.243173105
Joe Biden,244.393532392,10.117418886,77.14290613700003,49.747565603000005,244.393532392,49.79510341799999
Rocky De La Fuente,3.364581566,1.8026238220000002,1.406433839,1.561957744,1.958147727,3.364581566
